<?xml version="1.0" encoding="UTF-8"?>
<project-private xmlns="http://www.netbeans.org/ns/project-private/1">
    <editor-bookmarks xmlns="http://www.netbeans.org/ns/editor-bookmarks/2" lastBookmarkId="0"/>
    <open-files xmlns="http://www.netbeans.org/ns/projectui-open-files/2">
        <group name="Hello World Projects">
            <file>file:/Users/dalemusser/NetBeansProjects/PetStore/src/pets/Gender.java</file>
            <file>file:/Users/dalemusser/NetBeansProjects/PetStore/src/pets/Dog.java</file>
            <file>file:/Users/dalemusser/NetBeansProjects/PetStore/src/pets/Cat.java</file>
            <file>file:/Users/dalemusser/NetBeansProjects/PetStore/src/pets/Pet.java</file>
            <file>file:/Users/dalemusser/NetBeansProjects/PetStore/src/pets/LicensedPet.java</file>
            <file>file:/Users/dalemusser/NetBeansProjects/PetStore/src/petstore/PetStore.java</file>
        </group>
    </open-files>
</project-private>
